Aquafon,28967,,
A-Mobile,28968,,
A-Mobile,28988,,
Afghan Wireless/AWCC,41201,,
Roshan (Telecom Development Company Afghanistan),41220,,
Etisalat,41230,,
Areeba (MTN),41240,,
Etisalat,41250,,
Afghan Telecom Corp. (AT),41280,,
Afghan Telecom Corp. (AT),41288,,
AMC Mobil,27601,,
Vodafone,27602,,
Eagle Mobile,27603,,
PLUS Communication Sh.a,27604,,
ATM Mobils,60301,,
Orascom / DJEZZY,60302,,
Wataniya / Nedjma,60303,,
Blue Sky Communications,54411,,
American Samoa Telecom,544998,,
Mobiland (Servei De Tele. Dandorra) (Andorra Telecom),21303,,
Unitel,63102,,
Angola Telecom (AKA MoviCel),63103,,
MoviCel,63104,,
Digicell / Wireless Vent. Ltd / Weblinks,365010,,
Digicell,365050,,
Cable and Wireless,365840,,
APUA PCS  (Antigua Public Utilities Authority) / imobile,344030,,
Digicel,344050,,
LIME (C & W),344920,,
Cing. Wirel./Digicel,344930,,
Movistar (Compania De Radiocomunicaciones Moviles SA),722010,,
Nextel /  NII Holdings Inc (AG),722020,,
Globalstar,722040,,
Movistar/Telefonica,722070,,
Claro/ CTI/AMX,722310,,
Claro/ CTI/AMX,722320,,
Claro/ CTI/AMX,722330,,
Telecom Personal S.A.,722340,,
Telecom Personal S.A.,722341,,
PORT-HABLE (Hutchison Telecommunications Argentina),722350,,
Beeline/ArmenTel (Armenia Telephone Company),28301,,
Karabakh Telecom,28304,,
Vivacell (K Telecom CJSC),28305,,
Orange,28310,,
Setar GSM,36301,,
Digicel,36302,,
Digicel / New Millenium Telecom Services (NMTS),36320,,
Telstra Corp. Ltd.,50501,,
Singtel Optus,50502,,
Vodafone,50503,,
Department of Defense,50504,,
The Ozitel Network Pty.,50505,,
Vodafone Hutchinson Australia (AKA Crazy John's),50506,,
Vodafone,50507,,
Railcorp/Vodafone,50508,,
Airnet Commercial Australia Ltd..,50509,,
Telstra Corp. Ltd.,50511,,
Vodafone Hutchinson Australia (AKA Crazy John's),50512,,
Railcorp/Vodafone,50513,,
AAPT Ltd.,50514,,
Victorian Rail Track Corp. (VicTrack),50516,,
Lycamobile Pty Ltd,50519,,
Advanced Comm Tech Pty.,50524,,
Dialogue Communications Pty Ltd,50526,,
Thales Australia,50532,,
Vodafone (previously Crazy John's),50538,,
Telstra Corp. Ltd.,50571,,
Telstra Corp. Ltd.,50572,,
Localstar Holding Pty. Ltd,50588,,
Singtel Optus,50590,,
Railcorp/Vodafone,50599,,
Fix Line,23200,,
A1 MobilKom,23201,,
A1 MobilKom,23202,,
T-Mobile,23203,,
T-Mobile,23204,,
Orange/One Connect (Drei/Three),23205,,
Orange/One Connect,23206,,
T-Mobile/Telering,23207,,
Telefonica,23208,,
A1 MobilKom,23209,,
H3G,23210,,
A1 MobilKom,23211,,
yesss! (Orange/One Connect),23212,,
H3G,23214,,
T-Mobile/Telering,23215,,
H3G,23216,,
Azercell Telekom B.M.,40001,,
J.V. Bakcell GSM 2000,40002,,
Caspian American Telecommunications LLC (CATEL),40003,,
Azerfon.,40004,,
Special State Protection Service of the Republic of Azerbaijan,40005,,
Bahamas Telco. Comp.,36430,,
Bahamas Telco. Comp.,36439,,
Bahamas Telco. Comp.,364390,,
Batelco,42601,,
MTC Vodafone (Zain),42602,,
Civil Aviation Authority,42603,,
VIVA (Saudi Telecom Company Group),42604,,
Batelco / Royal Court,42605,,
GrameenPhone,47001,,
Robi/Axoata (formerly Aktel),47002,,
Banlalink / Orascom,47003,,
TeleTalk,47004,,
Citycell,47005,,
Citycell,47006,,
Airtel/Warid,47007,,
Digicel,342050,,
LIME (C & W BET Ltd.),342600,,
Digicel,342750,,
Cingular Wireless (AT&T),342810,,
Sunbeach,342820,,
Velcom (Mobile Digital Communications),25701,,
MTS,25702,,
BelCel JV,25703,,
Life :) (Formlery BeST),25704,,
Republican Unitary Telecommunication Enterprise (RUE) Beltelecom (National Telecommunications Operator of the Republic of Belarus),25705,,
Belorussian Cloud Technologies,25706,,
BelJel JV,257501,,
Belgacom/Proximus,20601,,
SNCT/NMBS,20602,,
Telenet BidCo NV,20605,,
Lycamobile (MVNO under Mobistar),20606,,
Mundio Mobile Belgium,20607,,
Mobistar/Orange,20610,,
Elephant Talk Communications Schweiz,20615,,
Base/KPN,20620,,
Join Experience (Belgium),20640,,
DigiCell (Belize Telemedia Ltd.),70267,,
International Telco (INTELCO),70268,,
Speednet (Smart),70299,,
Bell Benin/BBCOM,61600,,
Libercom (Benin Telecoms Mobile),61601,,
Etisalat/MOOV/Telecel Benin,61602,,
MTN/Spacetel,61603,,
Bell Benin/BBCOM,61604,,
GloMobile,61605,,
CellularOne Bermuda,31059,,
Bermuda Digital Communications Ltd (CellOne),350000,,
CellOne / Bermuda Digital Communications Ltd (BDC),35000,,
Telecommunications (Bermuda & West Indies) Ltd (Digicel Bermuda),35001,,
M3 Wireless Ltd (Mobility Ltd),35002,,
Digicell Bermuda,338050,,
DigiCel / Cingular,35010,,
CellOne Ltd,35003,,
B-Mobile,40211,,
Bhutan Telecom Ltd (BTL),40217,,
TashiCell,40277,,
Nuevatel,73601,,
Entel Pcs,73602,,
Tigo / TELECEL BOLIVIA,73603,,
United Telecommunications Services NV (UTS) (SETEL),36291,,
Eronet Mobile / Public Enterprise Croation Telecom,21803,,
M-Tel / RS Telecommunications JSC Banja Luka,21805,,
BH Mobile,21890,,
0,652,,
Mascom Wireless (Pty) Ltd.,65201,,
Orange,65202,,
BTC Mobile / Botswana Telecommunications Corporation,65204,,
Nextel (Telet) / NII Holdings  Inc.,72400,,
Vivo S.A./Telemig (Sisteer Do Brasil),72401,,
TIM (Telecom Italia),72402,,
TIM (Telecom Italia),72403,,
TIM (Telecom Italia),72404,,
Claro/Albra/America Movil,72405,,
Vivo S.A./Telemig,72406,,
CTBC/Triangulo,72407,,
TIM (Telecom Italia),72408,,
Vivo S.A./Telemig,72410,,
Vivo S.A./Telemig,72411,,
Claro/Albra/America Movil,72412,,
Sercomtel Cel,72415,,
Brazil Telcom (BRT celular),72416,,
Datora (MVNO),72418,,
Vivo S.A./Telemig,72419,,
Vivo S.A./Telemig /Amazonia,72423,,
Amazonia Celular S/A,72424,,
Oi (TNL PCS / Oi),72430,,
Oi (TNL PCS / Oi),72431,,
CTBC Celular SA (CTBC),72432,,
CTBC Celular SA (CTBC),72433,,
CTBC Celular SA (CTBC),72434,,
Telcom,72435,,
Options,72436,,
Unicel do Brasil Telecomunicacoes Ltda,72437,,
Claro/Albra/America Movil,72438,,
Nextel (Telet) / NII Holdings Inc.,72439,,
Porto Seguro Telecomunicacoes (MVNO),72454,,
Local (STFC),72499,,
LIME (Cable & Wireless),348170,,
Caribbean Cellular / CCT Boatphone,348570,,
Digicel,348770,,
Telekom Brunei Bhd (TelBru) (Jabatann Telekom Brunei),52801,,
b-mobile,52802,,
Datastream (DTSCom),52811,,
MobilTel AD,28401,,
BTC Mobile EOOD (vivatel),28403,,
Cosmo Mobile EAD/Globul,28405,,
BTC Mobile EOOD (vivatel),28406,,
TeleMob-OnaTel,61301,,
AirTel/ZAIN/CelTel,61302,,
TeleCel,61303,,
Myanmar Post & Teleco.,41401,,
Ooredoo,41405,,
Telenor Myanmar,41406,,
Spacetel / Econet,64201,,
Africel / Safaris,64202,,
Onatel / Telecel,64203,,
Smart Mobile / LACELL,64207,,
HiTs Telecom,64208,,
Leo (formerly U-COM (formerly Telecel)) / Orascom Telecom,64282,,
Mobitel/Cam GSM,45601,,
Smart Axiata (formerly Hello Axiata and Smart Mobile)/Malaysia Telcom,45602,,
QB/ Cambodia Advance Communications Co. Ltd (CADCOMMS),45603,,
QB/ Cambodia Advance Communications Co. Ltd (CADCOMMS),45604,,
Latelz Company Limited (Smart Mobile),45605,,
Latelz Company Limited (Smart Mobile),45606,,
Metfone,45608,,
Sotelco Ltd (Beeline Cambodia),45609,,
Excell,45611,,
MFone/Camshin,45618,,
MTN,62401,,
Orange,62402,,
Nextel (ex Viettel Cameroon),62404,,
Telus Mobility,302220,,
Telus Mobility,302221,,
Telus Mobility,302222,,
ALO Mobile Inc,302250,,
Bragg Communications,302270,,
Airtel Wireless,302290,,
Mobilicity / Dave Wireless,302320,,
Execulink,302340,,
FIRST Networks Operations,302350,,
Telus Mobility (Clearnet),302360,,
FIDO (Rogers AT&T/ Microcell),302370,,
DMTS Mobility  / Dryden Moblility / Keewaytinook Okimakinak,302380,,
DMTS Mobility  / Dryden Moblility,302390,,
SSi Connexions,302480,,
WIND (Globalive Wireless),302490,,
Videotron,302500,,
Videotron,302510,,
Videotron,302520,,
Keewatinook Okimakinak,302530,,
Lynx Mobility,302560,,
LightSquared,302570,,
Quadro Communication,302590,,
Bell Mobility,302610,,
Ice Wireless,302620,,
Bell Aliant,302630,,
Bell Mobility / Latitude Wireless,302640,,
Bell Mobility,302651,,
BC Tel Mobility,302652,,
Telus Mobility,302653,,
Sask Tel Mobility,302654,,
MTS Mobility,302655,,
Tbay Mobility,302656,,
Quebectel Mobility,302657,,
MTS Mobility,302660,,
CityWest/CityTel Mobility,302670,,
Sask Tel Mobility,302680,,
Bell Mobility,302690,,
NB Tel Mobility,302701,,
MT&T Mobility,302702,,
New Tel Mobility,302703,,
Globalstar Canada,302710,,
Rogers AT&T Wireless,302720,,
TerreStar Solutions,302730,,
Shaw Telecom,302740,,
Sask Tel Mobility,302750,,
Public Mobile,302760,,
Rural Com,302770,,
Sask Tel Mobility,302780,,
NetSet Communications,302790,,
Telus Mobility,302860,,
Telus Communications company (possibly others too),302880,,
Wrightman Telecom,302940,,
Test,302990,,
CV Movel,62501,,
T+ Telecom (Unitel),62502,,
Digicel Ltd.,346006,,
Digicel Cayman Ltd,346050,,
LIME / Cable & Wirel.,346140,,
Cingular Wireless (AT&T),346380,,
Wireless Ventures Cayman Islands,346998,,
Centrafr. Telecom+,62301,,
Telecel Centraf.,62302,,
Orange/Celca,62303,,
Nationlink,62304,,
Zain/Airtel/Celtel,62201,,
Tchad Mobile,62202,,
Tigo/Milicom/Tchad Mobile,62203,,
Salam/Sotel,62204,,
Salam/Sotel,62207,,
TESAM SA,73000,,
Entel Telefonia Mov,73001,,
TELEFONICA,73002,,
Claro,73003,,
Nextel SA,73004,,
Nextel SA,73005,,
Blue Two Chile SA,73006,,
TELEFONICA,73007,,
VTR Banda Ancha SA,73008,,
Nextel SA,73009,,
Entel PCS,73010,,
Celupago SA,73011,,
Telestar Movil SA,73012,,
Tribe Mobile SPA,73013,,
Netline Telefonica Movil Ltda,73014,,
Cibeles Telecom SA,73015,,
China Mobile GSM,46000,,
China Mobile GSM,46002,,
China Mobile GSM,46007,,
China Space Mobile Satellite Telecommunications Co. Ltd (China Spacecom),46004,,
China Telecom,46003,,
China Telecom,46005,,
China Unicom,46001,,
China Unicom,46006,,
China Unicom,46011,,
TIGO/Colombia Movil,732001,,
Edatel S.A.,732002,,
UNE EPM Telecomunicaciones SA ESP,732020,,
Comcel S.A. Occel S.A./Celcaribe,732101,,
Movistar,732102,,
TIGO/Colombia Movil,732103,,
TIGO/Colombia Movil,732111,,
Movistar (Telefãnica Mãviles Colombia),732123,,
Avantel SAS,732130,,
UNE EPM Telecomunicaciones SA ESP,732142,,
Virgin Mobile Colombia SAS,732154,,
HURI - SNPT,65401,,
Vodacom,63001,,
ZAIN CelTel,63002,,
SuperCell,63005,,
Orange RDC sarl,63086,,
Yozma Timeturns sprl (YTT),63088,,
TIGO/Oasis,63089,,
Africell,63090,,
Airtel Congo SA (formery Celtel),62901,,
Warid,62907,,
MTN/Libertis,62910,,
Zain/Celtel,62902,,
Telecom Cook Islands,54801,,
ICE,71201,,
ICE,71202,,
Claro,71203,,
Movistar (Telefonica Moviles Costa Rica),71204,,
Virtualis / fullmovil,71220,,
T-Mobile/Cronet,21901,,
Tele2,21902,,
VIPnet d.o.o.,21910,,
C-COM (cubacel) / ETECSA,36801,,
Polycom N.V./ Curacao Telecom d.b.a. Digicel,36269,,
EOCG Wireless NV,36295,,
Vodafone/CyTa,28001,,
MTN/Areeba,28010,,
PrimeTel PLC,28020,,
Lemontel Ltd,28022,,
T-Mobile / RadioMobil,23001,,
O2,23002,,
Vodafone (formerly Oskar Mobil (formlerly Cesky)),23003,,
Ufone,23004,,
Travel Telekommunikation s.r.o.,23005,,
Astelnet,23007,,
Compatel s.r.o.,23008,,
Spr¡va ?elezni?n­ dopravn­ cesty (Railway),23098,,
Vodafone,23099,,
TDC Denmark,23801,,
Telenor (former Sonofon),23802,,
Mach Connectivity ApS,23803,,
NextGen Mobile Ltd (CardBoardFish),23804,,
Hi3G,23806,,
Barablu Denmark,23807,,
Nordisk Mobiltelefon Danmark A/S,23808,,
TDC Denmark,23810,,
Lycamobile Ltd,23812,,
Compatel Limited,23813,,
Ice Darmark ApS,23815,,
Telia,23820,,
Banedanmark,23823,,
CoolTEL ApS,23828,,
Telia,23830,,
MobiWeb Limited,23843,,
TT-Netvaerket P/S,23866,,
Telenor (former Tele2),23877,,
Djibouti Telecom SA (Evatis),63801,,
Cingular Wireless (AT&T) / Digicel,366020,,
Wireless Ventures (Dominica) Ltd (Digicel Dominica),366050,,
C & W,366110,,
Orange Dominica,366998,,
Orange,37001,,
Claro (Compania Dominicana de Telefonos),37002,,
TRIcom,37003,,
Trilogy Dominicana S. A.,37004,,
MOVISTAR/OteCel,74000,,
Porta/Conecel,74001,,
Alegro/Telcsa,74002,,
EMS - Mobinil,60201,,
Vodafone (Misrfone Telecom),60202,,
ETISALAT,60203,,
CLARO/CTE,70601,,
Digicel,70602,,
Tigo (Telemovil),70603,,
Movistar (Telefonica Moviles),70604,,
INTELFON SA de CV,70605,,
ORANGE/GETESA,62701,,
HiTs-GE,62703,,
Eritel,65701,,
AS Easti Telekom EMT GSM,24801,,
Elisa / Radiolinja Eesti (RLE),24802,,
Tele2 Eesti AS,24803,,
Top Connect OU (OY Top Connect),24804,,
AS Bravocom Mobiil,24805,,
ProGroup Holding OY,24806,,
Televårgu AS,24807,,
Vivex Oœ,24808,,
Bravo Telecom Oœ,24809,,
Siseministeerium (Ministry of Interior),28471,,
ETH/MTN,63601,,
Cable and Wireless South Atlantic Ltd (Falklands),750001,,
Faroese Telecom,28801,,
Kall GSM,28802,,
Edge Mobile Sp/F,28803,,
Vodafone,54201,,
DigiCell,54202,,
Telecom Fiji Ltd (CDMA),54203,,
DNA/Finnet,24403,,
DNA/Finnet,24404,,
Elisa/Saunalahti,24405,,
Nokia Oyj,24409,,
TDC Oy Finland,24410,,
Mundio Mobile (Finland) Ltd,24411,,
DNA/Finnet,24412,,
DNA/Finnet,24413,,
Alands,24414,,
Samk Student Test Network,24415,,
Oy Finland Tele2 AB,24416,,
Elisa/Saunalahti,24421,,
Compatel Ltd,24426,,
SCNL TRUPHONE,24429,,
Vectone Mobile/ Mundio Mobile,24430,,
Ukko Mobile,24431,,
Voxbone SA,24432,,
ID-Mobile,24482,,
TeliaSonera,24491,,
Tel/Tel,20800,,
Orange,20801,,
Orange,20802,,
MobiquiThings,20803,,
SISTEER,20804,,
GlobalStar,20805,,
GlobalStar,20806,,
GlobalStar,20807,,
S.F.R.,20809,,
S.F.R.,20810,,
S.F.R.,20811,,
S.F.R.,20813,,
Lliad/FREE Mobile,20814,,
Lliad/FREE Mobile,20815,,
Lliad/FREE Mobile,20816,,
Bouygues Telecom,20820,,
Bouygues Telecom,20821,,
Transatel SA,20822,,
Omer/Virgin Mobile,20823,,
MobiquiThings,20824,,
Lycamobile SARL,20825,,
NRJ,20826,,
AFONE SA,20827,,
Astrium,20828,,
Orange,20829,,
Mundio Mobile (France) Ltd,20831,,
Bouygues Telecom,20888,,
Omer/Virgin Mobile,20889,,
Orange,20891,,
Association Plate-forme Telecom,20892,,
TelCell GSM,34011,,
Pacific Mobile Telecom (PMT),54715,,
Tikiphone,54720,,
Libertis S.A.,62801,,
MOOV/Telecel (Atlantique Telecom / Etisalat),62802,,
ZAIN/Celtel Gabon S.A.,62803,,
Azur/Usan S.A.,62804,,
Gamcel,60701,,
Africel,60702,,
Comium,60703,,
Q-Cell,60704,,
Geocell Ltd.,28201,,
Magti GSM Ltd.,28202,,
Iberiatel Ltd. And/or Magticom,28203,,
MobiTel/Beeline,28204,,
Silknet,28205,,
JSC Compatel,28206,,
Globalcell Ltd,28207,,
Silknet,28208,,
Gmobile Ltd,28209,,
Telekom/T-mobile,26201,,
Vodafone D2,26202,,
E-Plus,26203,,
Vodafone D2,26204,,
E-Plus,26205,,
Telekom/T-mobile,26206,,
O2,26207,,
O2,26208,,
Vodafone D2,26209,,
O2,26210,,
O2,26211,,
O2,26212,,
Mobilcom,26213,,
Group 3G UMTS,26214,,
Telogic/ViStream,26216,,
E-Plus,26217,,
OnePhone (E-Plus),26220,,
Lycamobile,26243,,
E-Plus,26277,,
MTN,62001,,
Vodafone (formlery Onetouch),62002,,
Milicom/Tigo (former MOBITEL),62003,,
Expresso Ghana Ltd / Kasapa,62004,,
Airtel (Zain),62006,,
Globacom / GloMobile,62007,,
Gibtel GSM,26601,,
CTS Mobile,26606,,
eazi telecom,26609,,
Cosmote,20201,,
Cosmote,20202,,
OTE Hellenic Telecommunications Organization SA,20203,,
Organismos Sidirodromon Ellados (OSE),20204,,
Vodafone,20205,,
Cosmoline,20206,,
AMD Telecom SA,20207,,
Tim (Telecom Italia) /Wind ,20209,,
Tim (Telecom Italia) /Wind ,20210,,
Tele Greenland,29001,,
Digicel,352030,,
Digicel,352050,,
Cable & Wireless,352110,,
Digicel,352130,,
Orange Caribe Mobiles,34001,,
Outremer Telecom Guadeloupe (AKA Only),34002,,
Telcel / United Telecommunications Services Caraibe SARL (UTS Caraibe Guadeloupe Telephone Mobile) / Saint Martin et Saint Barthelemy Telcell Sarl,34003,,
Dauphin Telecom SU (Guadeloupe Telecom) (Guadeloupe,34008,,
Telcel / United Telecommunications Services Caraibe SARL (UTS Caraibe Guadeloupe Telephone Mobile),34010,,
Digicel Antilles Francaises Guyane SA / Bouygues Telecom Cara¯be,34020,,
IT&E OverSeas,310032,,
Guam Teleph. Auth.,310033,,
GTA Wireless,310140,,
Docomo (formerly Guamcell),310370,,
Docomo (formerly Guamcell (formerly HafaTEL)),310470,,
Choice Phone LLC,310480,,
Wave Runner LLC,311250,,
Claro / SERCOM (Services de Comunicaciones Personales),70401,,
TIGO / COMCEL,70402,,
Telefonica / Movistar,70403,,
Orange/Spacetel,61101,,
SotelGui,61102,,
Intercel,61103,,
Areeba - MTN,61104,,
Celcom,61105,,
GuineTel,63201,,
SpaceTel,63202,,
Orange,63203,,
GuineTel,63207,,
DigiCel/ U-Mobile,73801,,
GT&T Cellink Plus (Guyana Telephone & Telegraph Co.),73802,,
GT&T Cellink Plus (Guyana Telephone & Telegraph Co.),738002,,
Haitel,37200,,
Comcel,37201,,
Digicel (Unigestion Holding S.A.),37202,,
National Telecom SA (NatCom),37203,,
Digicel,37250,,
SERCOM/CLARO/Megatel,708001,,
Telefonica/CELTEL,70802,,
Telefonica/CELTEL,708002,,
Digicel,708040,,
HonduTel,708030,,
HonduTel,70830,,
CSL Ltd.,45400,,
Citic Telecom Ltd.,45401,,
CSL Ltd.,45402,,
H3G/Hutchinson,45403,,
H3G/Hutchinson,45404,,
H3G/Hutchinson,45405,,
Vodafone/SmarTone,45406,,
China Unicom Ltd,45407,,
Trident Telecom Ventures Ltd.,45408,,
China Motion,45409,,
CSL/New World PCS Ltd.,45410,,
China-HongKong Telecom Ltd (CHKTL),45411,,
China Mobile/Peoples,45412,,
China Mobile/Peoples,45413,,
H3G/Hutchinson,45414,,
Vodafone/SmarTone,45415,,
HKT/PCCW,45416,,
Vodafone/SmarTone,45417,,
CSL Ltd.,45418,,
HKT/PCCW,45419,,
HKT/PCCW,45420,,
P Plus,45422,,
HKT/PCCW,45429,,
shared by private TETRA systems,45440,,
shared by private TETRA systems,45447,,
Pannon/Telenor,21601,,
MVM NET Ltd.,21602,,
Pannon/Telenor,21620,,
T-mobile/Magyar,21630,,
Vodafone,21670,,
UPC Magyarorszag Kft.,21671,,
Mav Co.,21699,,
Landssiminn,27401,,
Vodafone/Tal hf (Formerly Islandssimi),27402,,
Vodafone/Tal hf (Formerly Islandssimi),27403,,
VIKING/IMC,27404,,
Vodafone/Tal hf (Formerly Islandssimi),27405,,
Nuii Niu Ehf,27406,,
IceCell,27407,,
Landssiminn,27408,,
Amitelo,27409,,
NOVA,27411,,
Landssiminn,27412,,
Dishnet Wireless Ltd Madhya Pradesh,40400,,
Aircell Digilink India Ltd. Haryana,40401,,
AirTel (Bharti-Televentures) Punjab,40402,,
AirTel (Bharti-Televentures) Himachal Pradesh,40403,,
Idea Cellular Ltd. Delhi,40404,,
Vodafone (formerly Hutch / Fascel) Gujarat,40405,,
Bharti Airtel Limited Karnataka,40406,,
Idea Cellular Ltd. Andhra Pradesh,40407,,
Reliance Telecom Assam,40409,,
Bharti Airtel Limited Delhi,40410,,
Vodafone (formerly Sterling Cellular Ltd.) / Hutchison Essar Mobile Services Ltd Delhi,40411,,
Escotel Mobile Communications / Idea Mobile Communications Ltd Haryana,40412,,
Barakhamba Sales & Serv. / Hutchison Essar South Ltd. Andhra Pradesh,40413,,
Idea (Formerly Spice Telecom/Communications PVT Ltd.) Punjab,40414,,
Aircel Digilink India Ltd. Uttar Predesh East,40415,,
Hexcom India / Bharti Airtel Ltd North East,40416,,
Aircel / Dishnet Wireless Ltd West Bengal,40417,,
Reliance Telecom Private H.P.,40418,,
Escotel Mobile Communications / Idea Mobile Communications Ltd. Kerala,40419,,
Vodafone Essar (Ltd) (formerly Hutchison Essar Ltd) Mumbai,40420,,
Loop/Jio (formerly BPL) Mumbai,40421,,
Idea Cellular Ltd. Maharashtra,40422,,
Idea Cellular Ltd. Maharashtra,40423,,
Idea Cellular Ltd. Gujarat,40424,,
Aircel / Dishnet Wireless Ltd Bihar,40425,,
Vodafone Essar (Hutchison Essar Cellular Ltd.) Maharashtra & Goa,40427,,
Aircel,40428,,
Aircel / Dishnet Wireless Ltd Assam,40429,,
Vodafone (formerly Usha Martin Telecom / Command) / Hutchison Telecom East Ltd Kolkata,40430,,
AirTel (Bharti-Televentures) Kolkata,40431,,
Aircel / Dishnet Wireless Ltd North East,40433,,
BSNL Haryana,40434,,
Aircel / Dishnet Wireless Ltd. Himachal Pradesh,40435,,
Reliance Telecom Private Bihar,40436,,
Aircel / Dishnet Wireless Ltd J&K,40437,,
BSNL Assam,40438,,
AirTel (Bharti-Televentures) Chennai,40440,,
RPG Cellular / Aircell Cellular Ltd Chennai,40441,,
Aircel Tamil Nadu,40442,,
Vodafone Essar / Hutchison Essar Cellular Ltd. Tamil Nadu,40443,,
Idea (formerly Spice) Karnataka,40444,,
AirTel (Bharti-Televentures) Karnataka,40445,,
Vodafone Essar / Hutchison Essar Cellular Ltd. Kerala,40446,,
Dishnet Wireless Ltd Uttar Predesh West,40448,,
AirTel (Bharti-Televentures) Andra Pradesh,40449,,
Reliance Telecom Private North East,40450,,
BSNL H.P.,40451,,
Reliance Telecom Private Orissa,40452,,
BSNL Punjab,40453,,
BSNL Uttar Predesh West,40454,,
BSNL Uttar Predesh East,40455,,
Escotel Mobile Communications / Idea Mobile Communications Ltd. Uttar Predesh West,40456,,
BSNL Gujarat,40457,,
BSNL Madhya Pradesh,40458,,
BSNL Rajasthan,40459,,
Aircel Digilink India Rajasthan,40460,,
Dishnet Wireless Ltd Punjab,40461,,
BSNL J&K,40462,,
Dishnet Wireless Ltd Haryana,40463,,
BSNL Chennai,40464,,
Dishnet Wireless Ltd Uttar Predesh East,40465,,
BSNL Maharashtra,40466,,
Reliance Telecom Private Madhya Pradesh,40467,,
Mahanagar Telephone Nigam / MTNL Delhi,40468,,
Mahanagar Telephone Nigam / MTNL Mumbai,40469,,
Bharti Hexacom Rajasthan,40470,,
BSNL Karnataka,40471,,
BSNL Kerala,40472,,
BSNL Andhra Pradesh,40473,,
BSNL West Bengal,40474,,
BSNL Bihar,40475,,
BSNL Orissa,40476,,
BSNL North East,40477,,
Idea Cellular Ltd. / BTA Cellcom Ltd. Madhya Pradesh,40478,,
CellOne A&N / BSNL Andaman & Nicobar,40479,,
BSNL Tamil Nadu,40480,,
BSNL Kolkata,40481,,
Uninor Uttar Predesh West,404818,,
Idea (formerly Escorts Telecom Ltd.)  H.P,40482,,
Reliable Internet Services Kolkata,40483,,
Vodafone / Hutchison Essar South Ltd. Chennai,40484,,
Reliance Telecom Private W.B. & A.N.,40485,,
Barakhamba Sales & Serv. / Hutchison Essar South Ltd. Karnataka,40486,,
Idea (formerly Escorts Telecom Ltd.)  Rajasthan,40487,,
Idea (formerly Escorts Telecom Ltd.) / Hutchison Essar South Ltd Punjab,40488,,
Idea (formerly Escorts Telecom Ltd.) Uttar Predesh East,40489,,
AirTel (Bharti-Televentures) Maharashtra & Goa,40490,,
Aircel / Dishnet Wireless Ltd Kolkata,40491,,
AirTel (Bharti-Televentures) Mumbai,40492,,
Uninor Gujarat,404927,,
AirTel (Bharti-Televentures) Madhya Pradesh,40493,,
AirTel (Bharti-Televentures) Tamil Nadu,40494,,
AirTel (Bharti-Televentures) Kerala,40495,,
AirTel (Bharti-Televentures) Haryana,40496,,
AirTel (Bharti-Televentures) Uttar Predesh West,40497,,
AirTel (Bharti-Televentures) Gujarat,40498,,
Dishnet Wireless Ltd Kerala,40499,,
Shyam Telelink Ltd Rajasthan,405000,,
Reliance Communications Ltd/GSM Delhi,405005,,
Reliance Communications Ltd/GSM Gujarat,405006,,
Reliance Communications Ltd/GSM Haryana,405007,,
Reliance Communications Ltd/GSM J&K,405009,,
Reliance Communications Ltd/GSM Karnataka,405010,,
Reliance Communications Ltd/GSM Kerala,405011,,
Reliance Infocomm Ltd Andhra Pradesh,405012,,
Reliance Communications Ltd/GSM Maharashtra,405013,,
Reliance Communications Ltd/GSM Madhya Pradesh,405014,,
Reliance Communications Ltd/GSM Punjab,405018,,
Reliance Communications Ltd/GSM Tamilnadu,405020,,
Reliance Communications Ltd/GSM Uttar Predesh East,405021,,
Reliance Communications Ltd/GSM Uttar Predesh West,405022,,
RELIANCE TELECOM,40501,,
Tata DoCoMo Andhra Pradesh,405025,,
Tata DoCoMo Bihar,405027,,
Tata DoCoMo Delhi,405029,,
Tata DoCoMo Gujarat,405030,,
Tata DoCoMo Haryana,405031,,
Tata DoCoMo Himachal Pradesh,405032,,
Reliance Infocomm Ltd Bihar,405033,,
Tata DoCoMo Karnataka,405034,,
Tata DoCoMo Kerala,405035,,
Tata DoCoMo Kolkata,405036,,
Tata DoCoMo Maharashtra & Goa,405037,,
Tata DoCoMo Madhya Pradesh,405038,,
Tata DoCoMo Mumbai,405039,,
Reliance Infocomm Ltd Chennai,405040,,
Tata DoCoMo Orissa,405041,,
Tata DoCoMo Punjab,405042,,
Tata DoCoMo Rajasthan,405043,,
Tata DoCoMo Tamil Nadu,405044,,
Tata DoCoMo Uttar Pradesh East,405045,,
Tata DoCoMo Uttar Predesh West,405046,,
Tata DoCoMo Ro West Bengal,405047,,
Reliance Infocomm Ltd Himachal Pradesh,40508,,
Reliance Infocomm Ltd Kolkata,40512,,
RELIANCE TELECOM,40509,,
Reliance Telecom Private Mumbai,40515,,
Reliance Infocomm Ltd Orissa,40517,,
Reliance Telecom Private,40519,,
Reliance Infocomm Ltd West Bengal,40523,,
Ping,40524,,
Tata Teleservices Ltd Chennai,40528,,
AirTel (Bharti-Televentures),40551,,
AirTel (Bharti-Televentures) Bihar,40552,,
AirTel (Bharti-Televentures) Orissa,40553,,
AirTel (Bharti-Televentures) Uttar Predesh East,40554,,
AirTel (Bharti-Televentures) J&K,40555,,
AirTel (Bharati Mobile) Assam,40556,,
Vodafone / Hutchison Essar South Ltd Uttar Predesh West,40566,,
Vodafone / Hutchison Essar South Ltd Orissa,40567,,
Vodafone / Hutchison Madhya Pradesh,40568,,
Idea (Aditya Birla Telecom Ltd) Bihar & Jharkhand,40570,,
Essar Spacetel Ltd Himachal Pradesh,40571,,
Essar Spacetel Ltd North East,40572,,
Essar Spacetel Ltd Assam,40573,,
Essar Spacetel Ltd J&K,40574,,
Vodafone Essar Spacetel J&K,405750,,
Vodafone Essar Spacetel Assam,405751,,
Vodafone Essar Spacetel Bihar,405752,,
Vodafone Essar Spacetel Orissa,405753,,
Vodafone Essar Spacetel Himachal Pradesh,405754,,
Vodafone Essar Spacetel Ltd North East,405755,,
Vodafone,405756,,
Essar Spacetel Ltd Orissa,40576,,
Essar Spacetel Ltd Maharashtra,40577,,
Idea Mumbai,405799,,
Aircel Delhi,405800,,
Aircel Andhra Pradesh,405801,,
Aircel Gujarat,405802,,
Aircel Kamataka,405803,,
Aircel Maharashtra & Goa,405804,,
Aircel Mumbai,405805,,
Aircel Rajasthan,405806,,
Aircel / Dishnet Wireless Haryana,405807,,
Aircel / Dishnet Wireless Madhya Pradesh,405808,,
Aircel / Dishnet Wireless Kerala,405809,,
Aircell Ltd Delhi,40581,,
Aircell Ltd Andhra Pradesh,40582,,
Aircell Ltd Gujarat,40583,,
Aircell Ltd Maharashtra,40584,,
Aircell Ltd Mumbai,40585,,
Aircell Ltd Rajasthan,40586,,
Aircel Uttar Predesh East,405810,,
Aircel Uttar Predesh West,405811,,
Aircel Punjab,405812,,
Uninor Haryana,405813,,
Uninor Himachal Pradesh,405814,,
Uninor Jammu & Kashmir,405815,,
Uninor Punjab,405816,,
Uninor Rajasthan,405817,,
Uninor Uttar Pradesh (West),405818,,
Uninor Andhra Pradesh,405819,,
Uninor Karnataka,405820,,
Uninor Kerala,405821,,
Uninor Kolkata,405822,,
Videocon Andhra Pradesh,405823,,
Videocon Assam,405824,,
Videocon Bihar,405825,,
Videocon Delhi,405826,,
Videocon Gujarat,405827,,
Videocon Haryana,405828,,
Videocon Himachal Pradesh,405829,,
Videcon Jammu & Kashmir,405830,,
Videocon Karnataka,405831,,
Videocon Kerala,405832,,
Videocon Kolkata,405833,,
Videocon Madhya Pradesh,405834,,
Videocon Maharashtra,405835,,
Videocon Mumbai,405836,,
Videocon North East,405837,,
Videocon Orissa,405838,,
Videocon Rajasthan,405839,,
Videocon Tamil Nadu,405840,,
Videocon Uttar Predesh East,405841,,
Videocon Uttar Predesh West,405842,,
Videocon West Bengal,405843,,
Uninor Delhi,405844,,
Idea Assam,405845,,
Idea Jammu & Kashmir,405846,,
Idea Karnataja,405847,,
Idea Kolkata,405848,,
Idea North East,405849,,
Idea Orissa,405850,,
Idea Punjab,405851,,
Idea Tamil & Chennai,405852,,
Idea West Bengal,405853,,
Loop/Jio,405854,,
Loop/Jio,405855,,
Loop/Jio,405856,,
Loop/Jio,405857,,
Loop/Jio,405858,,
Loop/Jio,405859,,
Loop/Jio,405860,,
Loop/Jio,405861,,
Loop/Jio,405862,,
Loop/Jio,405863,,
Loop/Jio,405864,,
Loop/Jio,405865,,
Loop/Jio,405866,,
Loop/Jio,405867,,
Loop/Jio,405868,,
Loop/Jio,405869,,
Loop/Jio,405870,,
Loop/Jio,405871,,
Loop/Jio,405872,,
Loop/Jio,405873,,
Loop/Jio,405874,,
Uninor Assam,405875,,
Uninor Bihar,405876,,
Uninor North East,405877,,
Uninor Orissa,405878,,
Uninor Uttar Predesh East,405879,,
Uninor West bengal,405880,,
S Tel,405881,,
S Tel,405882,,
S Tel,405883,,
S Tel,405884,,
S Tel,405885,,
S Tel,405886,,
MTS Andhra Pradesh,405887,,
MTS Assam,405888,,
MTS Bihar,405889,,
MTS Delhi,405890,,
MTS Gujarat,405891,,
MTS Haryana,405892,,
MTS Himachal Pradesh,405893,,
MTS Jammu & Kashmir,405894,,
MTS Karnataka,405895,,
MTS Kerala,405896,,
MTS Kolkata,405897,,
MTS Madhya Pradesh,405898,,
MTS Maharashtra,405899,,
MTS Mumbai,405900,,
MTS North East,405901,,
MTS Orissa,405902,,
MTS Punjab,405903,,
MTS Tamil Nadu,405904,,
MTS Uttar Predesh East,405905,,
MTS Uttar Predesh West,405906,,
MTS West Bengal,405907,,
Spice Andhra Pradesh,405908,,
Spice Delhi,405909,,
Spice Haryana,405910,,
Spice Maharashtra,405911,,
Etisalat DB - Cheers Andhra Pradesh,405912,,
Etisalat DB - Cheers Delhi,405913,,
Etisalat DB - Cheers Gujarat,405914,,
Etisalat DB - Cheers Haryana,405915,,
Etisalat DB - Cheers Karnataka,405916,,
Etisalat DB - Cheers Kerala,405917,,
Etisalat DB - Cheers Maharashtra,405918,,
Etisalat DB - Cheers Mumbai,405919,,
Etisalat DB - Cheers Punjab,405920,,
Etisalat DB - Cheers Rajasthan,405921,,
Etisalat DB - Cheers Tamil Nadu,405922,,
Etisalat DB - Cheers Uttar Predesh East,405923,,
Etisalat DB - Cheers Uttar Predesh West,405924,,
Uninor,405925,,
Uninor Mumbai,405926,,
Uninor,405927,,
Uninor Madhya Pradesh,405928,,
Uninor Maharashtra,405929,,
Etisalat DB - Cheers Bihar,405930,,
Etisalat DB - Cheers Madhya Pradesh,405931,,
PT Pasifik Satelit Nusantara (PSN),51000,,
Indosat/Satelindo/M3,51001,,
PT Pasifik Satelit Nusantara (PSN),51003,,
PT Telkom,51007,,
Axis/Natrindo (Lippo Telecom),51008,,
PT Smartfren Telecom  Tbk (formerly PT Mobile-8 Telecom Tbk (Mobile-8) and PT Smart Telecom (Smart)),51009,,
Telkomsel,51010,,
PT. Excelcom,51011,,
Telkomsel / TELKOMMobile,51020,,
Indosat/Satelindo/M3,51021,,
PT Sampoerna Telekomunikasi Indonesia (STI),51027,,
PT Smartfren Telecom  Tbk (formerly PT Mobile-8 Telecom Tbk (Mobile-8) and PT Smart Telecom (Smart)),51028,,
H3G CP,51089,,
Esia,51099,,
ICO Global Communications,90101,,
Iridium Communications Inc,90103,,
Thuraya Satellite RMSS Network,90105,,
Thuraya Satellite Telecommunications Company,90106,,
Asia Cellular Satellite (AceS),90110,,
InMarSAT,90111,,
Maritime Communications Partner AS (MCP network),90112,,
BebbiCell AG (Formerly Global Networks Switzerland AG) / Antarctica,90113,,
Telenor / AeroMobile,90114,,
OnAir N.V. (Formerly SITA on behalf of Onair),90115,,
Jasper Wireless Inc,90116,,
Jersey Telecom,90117,,
Cingular Wireless / AWS Bermuda (Maritime Roaming),90118,,
Vodafone Malta (Vodafone Group),90119,,
Intermatica,90120,,
Wins Limited (Formerly Seanet Maritime Communications),90121,,
MediaLincc Ltd,90122,,
Voxbone SA,90124,,
Telecom Italia,90126,,
OnAir N.V. (Formerly SITA on behalf of Onair),90127,,
Vodafone Group,90128,,
Telenor Connexion AB,90129,,
France Telecom Orange,90131,,
MegaFon,90132,,
Smart Communications  Inc,90133,,
Tyntec GmbH,90134,,
Globecomm Network Services,90135,,
Azerfon LLC,90136,,
TRANSATEL,90137,,
Multiregional TransitTelecom (MTT),90138,,
MTX Connect,90139,,
Deutsche Telekom AG,90140,,
BodyTrace Netherlands B.V.,90141,,
DCN Hub ehf,90142,,
UN Office for the Coordination of Humanitarian Affairs (OCHA),90188,,
TCI / MCI,43211,,
TKC/KFZO,43214,,
Mobile Telecommunications Company of Esfahan JV-PJS (MTCE),43219,,
Righttel,43220,,
Taliya / Rafsanjan Industrial Complex,43232,,
MTN/IranCell,43235,,
MTCE,43270,,
Asia Cell,41805,,
Sanatel,41808,,
ZAIN (formerly Atheer),41820,,
Zain (formerly Orascom Telecom),41830,,
Korek,41840,,
Mobitel (Iraq-Kurdistan) and Moutiny,41845,,
Iraq Central Cooperative Association for Communication and Transportation,41847,,
ITC Fanoos,41848,,
Iraqtel,41849,,
Itisaluna,41862,,
Kalimat,41870,,
Iraqi Telecommunications & Post Company (ITPC),41880,,
ITPC (Al-Mazaya),41881,,
Korek,41882,,
ITPC (Sader Al-Iraq),41883,,
ITPC (Eaamar Albasrah),41884,,
ITPC (Anwar Yagotat Alkhalee),41885,,
ITPC (Furatfone),41886,,
ITPC (Al-Seraj),41887,,
ITPC (High Link),41888,,
ITPC (Al-Shams),41889,,
ITPC (Belad Babel),41891,,
Itisaluna and Kalemat / ITPC (Al Nakheel),41892,,
ITPC (Iraqcell),41893,,
ITPC (Shaly),41894,,
Vodafone Eircell,27201,,
O2/Digifone,27202,,
Meteor Mobile Ltd.,27203,,
Access Telecom Ltd.,27204,,
H3G,27205,,
Emobile (Eircom Ltd /Meteor),27207,,
Clever Communications Ltd,27209,,
Tesco Mobile / Liffey Telecom,27211,,
Lycamobile (MVNO of O2),27213,,
Orange/Partner Co. Ltd.,42501,,
Cellcom ltd.,42502,,
Pelephone,42503,,
Globalsim Ltd,42504,,
Wataniya,42506,,
Hot Mobile/Mirs,42507,,
Golan Telekom,42508,,
365 Telecom (MVNO),42511,,
Orange,42512,,
Ituran Cellular Communications,42513,,
Alon Cellular Ltd (MVNO under Orange),42514,,
Home Cellular Ltd (MVNO under Cellcom),42515,,
Rami Levy Hashikma Marketing Communications Ltd,42516,,
Gale Phone (MVNO),42517,,
Cellact Communications Ltd (MVNO),42518,,
Azi Communications Ltd,42519,,
Bezeq Ltd,42520,,
B.I.P Communications Ltd.,42521,,
Beezz Communication Solutions Ltd.,42523,,
012 Telecom Ltd.,42524,,
IMOD,42525,,
Hot Mobile/Mirs,42577,,
TIM (Telecom Italia),22201,,
Elsacom,22202,,
Intermatica,22204,,
Telespazio,22205,,
Vodafone,22206,,
Noverca Italia Srl,22207,,
Vodafone,22210,,
RFI Rete Ferroviaria Italiana SpA,22230,,
Hi3G,22233,,
BT Italia SpA,22234,,
Lycamobile Srl (MVNO under Vodafone),22235,,
Telecom Italia Mobile SpA,22243,,
WIND (Blu) -,22244,,
Telecom Italia Mobile SpA,22248,,
IPSE 2000,22277,,
WIND,22288,,
Blu,22298,,
Hi3G,22299,,
Atlantik Tel./Moov (Etisalat),61202,,
Orange,61203,,
Comium,61204,,
MTN,61205,,
OriCell,61206,,
Aircomm SA,61207,,
Comstar,61201,,
LIME / Cable & Wireless,338020,,
DIGICEL/Mossel,338050,,
Claro / Oceanic  Digital Jamaica Limited,338070,,
LIME / Cable & Wireless,338110,,
LIME / Cable & Wireless,338180,,
eMobile,44000,,
NTT Docomo,44001,,
NTT Docomo Kansai,44002,,
NTT Docomo Hokuriku,44003,,
SoftBank Mobile Corp (Formerly Vodafone K. K.),44004,,
SoftBank Mobile Corp (Formerly Vodafone K. K.),44006,,
KDDI Corporation,44007,,
KDDI Corporation,44008,,
NTT Docomo Kansai,44009,,
NTT Docomo Kansai,44010,,
NTT Docomo Tokai,44011,,
NTT Docomo,44012,,
NTT Docomo,44013,,
NTT Docomo Tohoku,44014,,
NTT Docomo,44015,,
NTT Docomo,44016,,
NTT Docomo,44017,,
NTT Docomo Tokai,44018,,
NTT Docomo Hokkaido,44019,,
SoftBank Mobile Corp (Formerly Vodafone K. K.) / NTT Docomo Hokruiku,44020,,
NTT Docomo,44021,,
NTT Docomo Kansai,44022,,
NTT Docomo Tokai,44023,,
NTT Docomo Chugoku,44024,,
NTT Docomo Hokkaido,44025,,
NTT Docomo Kyushu,44026,,
NTT Docomo Tohoku,44027,,
NTT Docomo Shikoku,44028,,
NTT Docomo,44029,,
NTT Docomo,44030,,
NTT Docomo Kansai,44031,,
NTT Docomo,44032,,
NTT Docomo Tokai,44033,,
NTT Docomo Kyushu,44034,,
NTT Docomo Kansai,44035,,
NTT Docomo,44036,,
NTT Docomo,44037,,
NTT Docomo,44038,,
NTT Docomo,44039,,
SoftBank Mobile Corp (Formerly Vodafone K. K.),44040,,
SoftBank Mobile Corp (Formerly Vodafone K. K.),44041,,
SoftBank Mobile Corp (Formerly Vodafone K. K.),44042,,
SoftBank Mobile Corp (Formerly Vodafone K. K.),44043,,
SoftBank Mobile Corp (Formerly Vodafone K. K.),44044,,
SoftBank Mobile Corp (Formerly Vodafone K. K.),44045,,
SoftBank Mobile Corp (Formerly Vodafone K. K.),44046,,
SoftBank Mobile Corp (Formerly Vodafone K. K.),44047,,
SoftBank Mobile Corp (Formerly Vodafone K. K.),44048,,
NTT Docomo,44049,,
KDDI Corporation,44050,,
KDDI Corporation,44051,,
KDDI Corporation,44052,,
KDDI Corporation,44053,,
KDDI Corporation,44054,,
KDDI Corporation,44055,,
KDDI Corporation,44056,,
NTT Docomo Kansai,44058,,
NTT Docomo Kansai,44060,,
NTT Docomo Chugoku,44061,,
NTT Docomo Kyushu,44062,,
NTT Docomo,44063,,
NTT Docomo,44064,,
NTT Docomo Shikoku,44065,,
NTT Docomo,44066,,
NTT Docomo Tohoku,44067,,
NTT Docomo Kyushu,44068,,
NTT Docomo,44069,,
KDDI Corporation,44070,,
KDDI Corporation,44071,,
KDDI Corporation,44072,,
KDDI Corporation,44073,,
KDDI Corporation,44074,,
KDDI Corporation,44075,,
KDDI Corporation,44076,,
KDDI Corporation,44077,,
Okinawa Cellular Telephone,44078,,
KDDI Corporation,44079,,
TU-KA Cellular Tokyo Inc.,44080,,
TU-KA Cellular Tokyo Inc.,44081,,
TU-KA Phone Kansai Inc.,44082,,
TU-KA Cellular Tokai Inc.,44083,,
TU-KA Phone Kansai Inc.,44084,,
TU-KA Cellular Tokai Inc.,44085,,
TU-KA Cellular Tokyo Inc.,44086,,
NTT Docomo,44087,,
KDDI Corporation,44088,,
KDDI Corporation,44089,,
SoftBank Mobile Corp (Formerly Vodafone K. K.),44090,,
SoftBank Mobile Corp (Formerly Vodafone K. K.),44092,,
SoftBank Mobile Corp (Formerly Vodafone K. K.),44093,,
SoftBank Mobile Corp (Formerly Vodafone K. K.),44094,,
SoftBank Mobile Corp (Formerly Vodafone K. K.),44095,,
SoftBank Mobile Corp (Formerly Vodafone K. K.),44096,,
SoftBank Mobile Corp (Formerly Vodafone K. K.),44097,,
SoftBank Mobile Corp (Formerly Vodafone K. K.),44098,,
NTT Docomo,44099,,
NTT Docomo,44140,,
NTT Docomo,44141,,
NTT Docomo,44142,,
NTT Docomo Kansai,44143,,
NTT Docomo Chugoku,44144,,
NTT Docomo Shikoku,44145,,
TU-KA Cellular Tokyo Inc.,44150,,
TU-KA Phone Kansai Inc.,44151,,
SoftBank Mobile Corp,44161,,
SoftBank Mobile Corp,44162,,
SoftBank Mobile Corp,44163,,
SoftBank Mobile Corp,44164,,
SoftBank Mobile Corp,44165,,
KDDI Corporation,44170,,
NTT Docomo,44190,,
NTT Docomo,44191,,
NTT Docomo,44192,,
NTT Docomo Hokkaido,44193,,
NTT Docomo Tohoku,44194,,
NTT Docomo Kyushu,44198,,
NTT Docomo Kyushu,44199,,
ZAIN /J.M.T.S (formerly Fastlink),41601,,
Xpress,41602,,
Umniah Mobile Co.,41603,,
Orange/Petra (MobileCom),41677,,
Beeline/KaR-Tel LLP,40101,,
K-Cell / GSM Kazakstan,40102,,
Dalacom/Altel,40107,,
Kazakhtelecom,40108,,
NEO/MTS,40177,,
Safaricom Ltd.,63902,,
Airtel / Zain / Celtel Ltd.,63903,,
Yu / Econet Wireless / Essar,63905,,
Orange,63907,,
Kiribati TSKL / Telecom Services Kiribati Ltd,54501,,
Kiribati Frigate Net / Telecom Services Kiribati Ltd,54509,,
Koryolink,46705,,
Sun Net,467193,,
KT Freetel Co. Ltd.,45002,,
SK Telecom,45003,,
KT Freetel Co. Ltd.,45004,,
SK Telecom Co. Ltd,45005,,
LG Telecom,45006,,
KT Freetel Co. Ltd.,45008,,
SK Telecom,45011,,
Zain / MTC,41902,,
Wantaniya / National Mobile Telecommunications,41903,,
Viva / Kuwait Telecommunication Company,41904,,
Beeline/Bitel,43701,,
AkTel LLC,43703,,
MEGACOM,43705,,
O!/NUR Telecom,43709,,
Lao Tel,45701,,
ETL Mobile,45702,,
UNITEL/LAT,45703,,
Tigo/Millicom,45708,,
Latvian Mobile Phone,24701,,
Tele2,24702,,
TRIATEL/Telekom Baltija,24703,,
Beta Telecom,24704,,
Bite Latvija,24705,,
SIA Rigatta,24706,,
SIA Master Telecom / Bite / MTS,24707,,
SIA IZZI,24708,,
SIA Camel Mobile,24709,,
MIC1 (Alfa),41501,,
MTC / MIC2 / LibanCell,41503,,
Ogero Telecom,41505,,
Cellis,41532,,
Cellis,41533,,
FTML Cellis,41534,,
Cellis,41535,,
MIC2/LibanCell,41536,,
MIC2/LibanCell,41537,,
MIC2/LibanCell,41538,,
MIC2/LibanCell,41539,,
Vodacom Lesotho,65101,,
Econet/Ezi-cel,65102,,
Lonestar,61801,,
Libercell,61802,,
Celcom,61803,,
Comium BVI,61804,,
Celcom,61807,,
LibTelco,61820,,
Libyana,60600,,
Al-Madar,60601,,
Al-Madar,60602,,
Libyana,60603,,
Hatef,60606,,
Swisscom FL AG,29501,,
Orange,29502,,
Mobilkom AG,29505,,
CUBIC (Liechtenstein,29506,,
First Mobile AG,29507,,
Alpmobile/Tele2,29577,,
Omnitel,24601,,
Bite,24602,,
Tele2,24603,,
P+T LUXGSM,27001,,
MTX Connect S.  r.l.,27002,,
Blue Communications,27010,,
Millicom Tango GSM,27077,,
IDM,27078,,
Orange (formerly VOXmobile S.A.),27099,,
Smartone Mobile,45500,,
C.T.M. TELEMOVEL+,45501,,
China Telecom,45502,,
Hutchison Telephone (Macau) Company Ltd,45503,,
C.T.M. TELEMOVEL+,45504,,
Hutchison Telephone (Macau) Company Ltd,45505,,
Smartone Mobile,45506,,
T-Mobile/Mobimak,29401,,
One / MTS/Cosmofone,29402,,
VIP Mobile,29403,,
One MTS/Cosmofone,29475,,
Airtel (Formerly Zain / Celtel / MADACOM),64601,,
Orange/Soci,64602,,
Sacel,64603,,
Telma,64604,,
Tele Networks Malawi/Telekom Network Ltd.,65001,,
Zain/Celtel ltd.,65010,,
Art900,50201,,
Digi Telecommunications,50210,,
MTX Utara,50211,,
Maxis,50212,,
CelCom,50213,,
Telekom Malaysia Berhad,50214,,
Tune Talk (MVNO under Celcom),502150,,
Baraka Telecom Sdn Bhd (MVNO under Maxis),502151,,
YES,502152,,
Packet One Networks (Malaysia) Sdn Bhd,502153,,
Talk Focus Sdn Bhd,502154,,
Samata Communications Sdn Bhd,502155,,
Digi Telecommunications,50216,,
Maxis,50217,,
U Mobile,50218,,
CelCom,50219,,
Electcoms Wireless Sdn Bhd,50220,,
Dhiraagu/C&W,47201,,
Wataniya/WMOBILE,47202,,
Malitel,61001,,
Orange/IKATEL,61002,,
Vodafone,27801,,
GO/Mobisle,27821,,
GO Mobile,27830,,
Melita,27877,,
Marshall Islands National Telecommunications Authority (MINTA),55101,,
Orange Caribe Mobiles,34001,,
Outremer Telecom Martinique (AKA Only),34002,,
Telcel / United Telecommunications Services Caraibe SARL (UTS Caraibe Martinique Telephone Mobile),34012,,
DIGICEL Antilles Fran§aise Guyane SA / Bouygues Telecom Cara¯be,34020,,
Mattel,60901,,
Chinguitel SA,60902,,
Mauritel,60910,,
Orange/Cellplus,61701,,
Mahanagar Telephone,61702,,
Mahanagar Telephone,61703,,
Emtel Ltd,61710,,
Axtel,33400,,
SAI PCS,33400,,
COMUNICACIONES DIGITALES DEL NORTE S.A. DE C.V,334001,,
NEXTEL (Nii Holdings),33401,,
NEXTEL (Nii Holdings),334010,,
TelCel/America Movil,33402,,
TelCel/America Movil,334020,,
Movistar/Pegaso,33403,,
Movistar - Telefonica Moviles (formerly Pegaso),334030,,
IUSACell/UneFon,33404,,
IUSACell/UneFon,334040,,
IUSACell/UneFon,334050,,
SAI PCS,334060,,
TEL?FONOS DE M?XICO S.A.B. DE C.V,344066,,
Operadora Unefon SA de CV,334070,,
Operadora Unefon SA de CV,334080,,
NEXTEL (Nii Holdings),334090,,
IUSACell/UneFon,33450,,
FSM Telecom,55001,,
Orange/Voxtel,25901,,
Moldcell,25902,,
IDC/Unite,25903,,
Eventis Mobile,25904,,
IDC/Unite,25905,,
IDC/Unite,25999,,
Vala / Dardafone LLC (Post and Telecommunications of Kosovo JSC (PTK)),21201,,
Monaco Telecom,21201,,
Monaco Telecom,21210,,
Skytel Co. Ltd,42800,,
Unitel,42888,,
Skytel Co. Ltd,42891,,
G-Mobile Corporation Ltd,42898,,
Mobicom,42899,,
Telenor (formerly Promonte GSM),29701,,
Monet/T-mobile,29702,,
Mtel,29703,,
T-Mobile Montenegro LLC,29704,,
Cable & Wireless,354860,,
Medi Telecom,60400,,
IAM / Itissallat / Maroc Telecom,60401,,
WANA,60402,,
INWI / Wana,60405,,
mCel (Mocambique Celular),64301,,
Movitel,64303,,
Vodacom Sarl,64304,,
MTC,64901,,
Switch/Nam. Telec.,64902,,
TN Mobile (Telecom Namibia)(formerly Leo / Orascom /Cell One / Powercom),64903,,
Digicell,53601,,
Digicell,53602,,
NT Mobile / Namaste / Nepal Mobile,42901,,
Ncell,42902,,
Sky / C-Phone / Nepal Telecom,42903,,
Smart Cell,42904,,
Scarlet / RadioAccess Network Services B.V.,20401,,
Tele2,20402,,
Voiceworks Mobile BV,20403,,
Vodafone Libertel,20404,,
Elephant Talk Communications Premium Rate Services Netherlands BV,20405,,
Mundio/Vectone Mobile (AKA Barablu),20406,,
Teleena Holding BV,20407,,
KPN Telecom B.V.,20408,,
Lycamobile Ltd,20409,,
KPN Telecom B.V.,20410,,
KPN/Telfort,20412,,
Unica Installatietechniek B.V.,20413,,
6GMOBILE BV,20414,,
Ziggo BV,20415,,
T-Mobile B.V.,20416,,
Intercity Mobile Communications BV,20417,,
UPC Nederland BV,20418,,
Mixe Communication Solutions BV,20419,,
Orange/T-mobile,20420,,
NS Railinfrabeheer B.V.,20421,,
Ministerie van Defensie,20422,,
Aspider Solutions,20423,,
Private Mobility Nederland BV,20424,,
CAPX B.V. / Private Mobile,20425,,
SpeakUp B.V.,20426,,
Breezz Nederland,20427,,
Lancelot BV,20428,,
Teleware / Private Mobile Ltd,20429,,
Nextgen Mobile Ltd,20460,,
BodyTrace Netherlands B.V.,20461,,
Zetacom B.V.,20464,,
AGMS Netherlands B.V.,20465,,
Utility Connect B.V.,20466,,
RadioAccess B.V.,20467,,
Unify Mobile,20468,,
KPN Telecom B.V.,20469,,
T-Mobile B.V.,20498,,
TELCELL GSM,36251,,
Cingular Wireless (AT&T),362630,,
DigiCell,36269,,
SETEL GSM,36291,,
UTS Wireless,362951,,
OPT Mobilis,54601,,
Telecom NZ,53000,,
Vodafone,53001,,
NZ Telecom CDMA,53002,,
Walker Wireless Ltd.,53003,,
Telstra,53004,,
Telecom Mobile Ltd,53005,,
Telecom NZ,53006,,
Two Degrees Mobile Ltd,53024,,
2degrees,53028,,
Claro (Empresa Nicaraguense de Telecomunicaciones / SA ENITEL),71021,,
Movistar / Telefonica,71030,,
Claro (Empresa Nicaraguense de Telecomunicaciones / SA ENITEL) (formally Sercom / Servicios de Comunicaciones),71073,,
Orange/Sahelc.,61401,,
Zain/CelTel,61402,,
Etisalat/TeleCel,61403,,
Orange/Sahelc.,61404,,
Visafone,62101,,
Airtel/Econet (formerly V-Mobile/Zain),62120,,
Visafone,62125,,
MTN,62130,,
M-Tel/Nigeria Telecom. Ltd.,62140,,
Glo Mobile (Globacom),62150,,
ETISALAT (ETSM),62160,,
Starcomms,62196,,
Starcomms,62199,,
Visafone,621996,,
Multi-Links,621997,,
Starcomms,621998,,
Niue Telecom,55501,,
Norfolk Telecom,50510,,
Telenor,24201,,
Netcom,24202,,
Teletopia,24203,,
Tele2,24204,,
Network Norway AS,24205,,
Ice / Nordisk Mobiltelefon,24206,,
Ventelo AS,24207,,
TDC Mobil A/S,24208,,
Com4 AS,24209,,
Telenor,24212,,
Jernbaneverket (GSM-R),24220,,
Jernbaneverket (GSM-R),24221,,
Network Norway AS,24222,,
Lycamobile (MVNO under Netcom / TeliaSonera),24223,,
Mobile Norway AS,24224,,
Oman Mobile/GTO,42202,,
Nawras (Omani Telecommunications Company),42203,,
Mobilink,41001,,
UFONE/PAKTel,41003,,
ZONG/CMPak,41004,,
SCO Mobile,41005,,
Telenor,41006,,
Warid Telecom,41007,,
Instaphone,41008,,
Palau National Communications Corp. (PNCC),55201,,
Palau Mobile Corp. (PMC),55280,,
Jawwal,42505,,
Wataniya Mobile,42506,,
Cable & Wireless S.A.,71401,,
BSC de Panama S.A. / Movistar (Telefonia Moviles Panama),71402,,
Movistar (Telefonia Moviles Panama),714020,,
Claro,71403,,
Digicel,71404,,
bemobile,53701,,
GreenCom PNG Ltd,53702,,
Digicel,53703,,
Hola/VOX,74401,,
Claro/Hutchison,74402,,
Compa,74403,,
Tigo/Telecel,74404,,
TIM (Telecom Italia) /Nucleo/Personal,74405,,
Copaco,74406,,
GlobalStar,71601,,
GlobalStar,71602,,
Movistar (Telefonia Moviles Panama),71606,,
Nextel,71607,,
Claro /Amer.Mov./TIM (Telecom Italia),71610,,
Viettel Mobile / Viettel Peru SAC,71615,,
Nextel,71617,,
Claro /Amer.Mov./TIM (Telecom Italia),71620,,
Fix Line,51500,,
Globe Telecom,51501,,
Globe Telecom,51502,,
Smart,51503,,
SUN/Digitel,51505,,
PLDT / ACeS,51511,,
RED Mobile/Cure,51518,,
Next Mobile,51588,,
Polkomtel/Plus,26001,,
T-Mobile/ERA,26002,,
Orange/IDEA/Centertel,26003,,
Tele2,26004,,
Orange/IDEA/Centertel,26005,,
Play/P4,26006,,
Play/P4,26007,,
e-Telko,26008,,
Lycamobile (MVNO under Polkomtel),26009,,
Sferia,26010,,
NORDISK Polska,26011,,
Cyfrowy POLSAT S.A.,26012,,
Sferia,26013,,
Sferia,26014,,
CenterNet (MVNO),26015,,
Mobyland,26016,,
Aero2 SP.,26017,,
AMD Telecom.,26018,,
Teleena / Teleena Holding BV,26019,,
Mobile.Net / Mobile.Net Sp. z o.o.,26020,,
Exteri / Exteri Sp. z o.o.,26021,,
Arcomm / Arcomm Sp. z o.o.,26022,,
Amicomm / Amicomm Sp. z o.o.,26023,,
WideNet / WideNet Sp. z o.o.,26024,,
BS&T / Best Solutions & Technology Sp. z o.o.,26025,,
ATE / ATE-Advanced Technology & Experience Sp. z o.o.,26026,,
Intertelcom / Intertelcom Sp. z o.o.,26027,,
PhoneNet / PhoneNet Sp. z o.o.,26028,,
Interfonica / Interfonica Sp. z o.o.,26029,,
GrandTel / GrandTel Sp. z o.o.,26030,,
Phone IT / Phone IT Sp. z o.o.,26031,,
Compatel Ltd / COMPATEL LIMITED,26032,,
Truphone Poland / Truphone Poland Sp. Z o.o.,26033,,
T-Mobile/ERA,26034,,
PKP Polskie Linie Kolejowe S.A.,26035,,
Mundio Mobile Sp. z o.o.,26036,,
CallFreedom Sp. z o.o.,26038,,
Play/P4,26098,,
Vodafone,26801,,
Optimus,26803,,
Lycamobile / CTT - Correios de Portugal SA,26804,,
TMN,26806,,
Optimus,26807,,
Zapp Portugal,26821,,
Claro / America Movil / Puerto Rico Telephone Company,330110,,
PR Wireless Inc (Open Mobile),330120,,
Sprint,33020,,
AT&T Mobility,33030,,
T-mobile (Suncom),330490,,
Open Mobile,33000,,
ooredoo (formlery Qtel / Qatar Telecom),42701,,
Vodafone,42702,,
Orange la Reunion,64700,,
Outremer Telecom,64702,,
SFR / SRR (Soci©t© R©unionnaise du Radiot©l©phone),64710,,
Vodafone,22601,,
Romtelecom SA,22602,,
Telekom (formerly Cosmote),22603,,
Telemobil/Zapp,22604,,
RCS&RDS Digi Mobile,22605,,
Telemobil/Zapp,22606,,
Orange,22610,,
Enigma Systems,22611,,
MTS (Mobile Telesystems),25001,,
Megafon,25002,,
NCC (Nizhegorodskaya Cellular Communications,25003,,
Sibchallenge,25004,,
Yenisey Telecom (Mobile Comms System),25005,,
Moscow Cellular Comm (Skylink),25006,,
ZAO SMARTS (BM Telecom),25007,,
Personnal Communicational,25008,,
Siberian Cellular Systems,25009,,
DTC/Don Telecom,25010,,
Orensot,25011,,
Baykal Westcom,25012,,
Kuban GSM,25013,,
Megafon,25014,,
ZAO SMARTS,25015,,
NTC (New Telephone Company),25016,,
JSC/UralTel/U-Tel/Ermak RMS,25017,,
Tele2 (INDIGO / OJSC Altaysvyaz / Volgograd Mobile),25019,,
JSC Rostov Cellular Communications,25020,,
LLC Personal Communication Systems in the Region,25020,,
Tele2/ECC/Volgogr.,25020,,
Megafon (JT),25022,,
Mobicon-Nosibirsk,25023,,
Bee Line GSM / Extel,25028,,
Motiv LLC Ekaterinburg-2000,25035,,
Tambov GSM,25038,,
UralTel/U-Tel/Ermak RMS,25039,,
StavTelesot / Stuvtelesot,25044,,
MTS / Bezlimitno.ru,25050,,
Printelefone,25092,,
Telecom XXI,25093,,
Baykal Westcom,25098,,
Beeline / OJSC Vimpel-Communications (VimpelCom),25099,,
MTN/Rwandacell,63510,,
Rwandatel,63512,,
TIGO,63513,,
Airtel Rwanda Ltd,63514,,
Digicel,356050,,
UTS Cariglobe,356070,,
Cable & Wireless,356110,,
Cingular Wireless (AT&T),358030,,
Digicel (St Lucia) Limited,358050,,
Cable & Wireless,358110,,
Digicel,54900,,
Telecom Samoa Cellular Ltd.,54901,,
Samoatel Mobile,54927,,
Prima (San Marino Telecom),29201,,
CSTmovel,62601,,
Saudi Telecoms Company/Al Jawal,42001,,
Mobily ? Etihad Etisalat,42002,,
Etihad/Etisalat/Mobily,42003,,
Zain,42004,,
Zain,42007,,
Orange/Sonatel,60801,,
Sentel GSM,60802,,
Expresso/Sudatel,60803,,
Telenor/Mobtel,22001,,
Telenor/Mobtel,22002,,
MTS/Telekom Srbija,22003,,
VIP Mobile,22005,,
Ipko Telecommunications d. o. o.,63301,,
Smartcom (Mediatech International Limited),63302,,
Airtel (Telecom Seychells Ltd.),63310,,
Zain/Celtel,61901,,
Tigo/Millicom,61902,,
Africel,61903,,
Comium,61904,,
Africel,61905,,
Intergroup Telecom,61909,,
Mobitel,61925,,
Datatel (SL) Ltd GSM,61940,,
Datatel (SL) Ltd CDMA,61950,,
Singtel,52501,,
Singtel,52502,,
MobileOne Ltd,52503,,
Starhub,52505,,
Starhub,52506,,
Singtel,52507,,
GRID Communications Pte Ltd,52512,,
TelCell NV (Sint Maarten,36251,,
UTS St. Maarten (Sint Maarten,36291,,
Orange,23101,,
Slovak Telekom (T-Mobile),23102,,
Slovak Telekom (T-Mobile),23104,,
Orange,23105,,
O2,23106,,
Orange,23115,,
Zeleznice Slovenskej republiky (ZSR),23199,,
Slovenske zeleznice d.o.o.,29310,,
SI.Mobil,29340,,
Dukagjini Telecommunications Sh.P.K.,29341,,
Ipko Telecommunications d. o. o.,29341,,
Mobitel D. D.,29341,,
T-2 d.o.o.,29364,,
TusMobil/VEGA,29370,,
BREEZE,54001,,
bemobile,54002,,
BREEZE,54010,,
Telesom,63701,,
Somafone,63704,,
Nationlink,63710,,
HorTel,63719,,
Hormuud Telecom Somalia,63725,,
Golis,63730,,
Hormuud Telecom Somalia,63750,,
Nationlink,63760,,
Somtel,63771,,
Telcom Mobile Somalia,63782,,
Vodacom,65501,,
8.ta,65502,,
Sentech,65506,,
Cell C,65507,,
MTN,65510,,
South African Police Service Gauteng,65511,,
MTN,65512,,
Phoenix Systems Integration (Pty) Ltd,65516,,
Wireless Business Solutions (Pty) Ltd,65519,,
Cape Town Metropolitan,65521,,
Bokamoso Consortium,65530,,
Karabo Telecoms,65531,,
Ilizwi Telecommunications,65532,,
Thinta Thinta Telecommunications,65533,,
MTN South Sudan (South Sudan,65902,,
Gemtel Ltd (South Sudan,65903,,
Network of The World Ltd (NOW) (South Sudan,65904,,
Vivacell,65905,,
Zain South Sudan (South Sudan,65906,,
Sudani,65907,,
Sudani/Sudatel,65912,,
Zain-South Sudan,65991,,
MTN-South Sudan,65992,,
Vivacel/NOW,65995,,
Gemtel,65997,,
Vodafone (Also MVNOs Eroski Hits Lebara & PepePhone),21401,,
Orange2 (Also MVNOs Dia CABLE CarrefourOnline Hualong Llamaya MasMovil & The Phone House),21403,,
Yoigo,21404,,
Movistar,21405,,
Vodafone Enabler Espana SL (MVNO Pepephone),21406,,
Movistar (Telephonica Spain),21407,,
Euskaltel SA,21408,,
Orange,21409,,
Operadora de Telecomunicaciones Opera SL,21410,,
Orange,21411,,
Contacta Servicios Avanzados de Telecomunicaciones SL,21412,,
Incotel Ingeniera y Consultaria SL,21413,,
Incotel Servicioz Avanzados SL,21414,,
BT Espana Compania de Servicios Globales de Telecomunicaciones SAU,21415,,
Telecable de Asturias SA,21416,,
Mobile R (Cable y Telecomunicaciones Galicia SA),21417,,
Cableuropa SAU (ONO),21418,,
Simyo/KPN,21419,,
fonYou Wireless SL,21420,,
Jazz Telecom SAU,21421,,
DigiMobil (Movistar),21422,,
Barablu / Lycamobile SL,21423,,
Vodafone (includes MVNOs / Vizzavi Espaáa S.L. / Eroski Mãvil Espaáa),21424,,
Lycamobile SL,21425,,
Lleida,21426,,
Truphone,21427,,
Consorcio de Telecomunicaciones Avanzadas S.A.,21428,,
NEO-SKY 2002 S.A.,21429,,
Compatel Limited,21430,,
Red Digital De Telecomunicaciones de las Islas Baleares S.L.,21431,,
TUENTI TECHNOLOGIES S.L.,21432,,
Mobitel Ltd.,41301,,
MTN/Dialog,41302,,
Etisalat/Tigo,41303,,
Bharti Airtel,41305,,
H3G Hutchison,41308,,
Ameris,30801,,
Digicel,360050,,
AT&T (formerly Cingular),360100,,
C & W,360110,,
Digicel,360070,,
Canar Telecom,63400,,
ZAIN (formlerly Mobitel) / Sudanese MTC,63401,,
MTN (Areeba),63402,,
Vivacell,63405,,
ZAIN/Mobitel,63406,,
Sudani One,63407,,
Vivacell,63408,,
Privet Network / NEC,63409,,
Sudani One,63415,,
MTN (Areeba),63422,,
MTN,63499,,
Telesur,74601,,
Telecommunicatiebedrijf Suriname (TELESUR),74602,,
Digicel,74603,,
UNIQA,74604,,
SwaziTelecom,65301,,
Swazi MTN,65310,,
Compatel / EUTel,24000,,
Telia Mobile,24001,,
H3G Access AB,24002,,
Orange,24003,,
H3G Access AB and Telenor (aquired Vodafone),24004,,
Sweden 3G (Tele2 Sverige AB & Telia Mobile),24005,,
Telenor (Vodafone),24006,,
Tele2 Sverige AB,24007,,
Telenor (Vodafone) / Timepiece Servicos De Consultoria LDA (Universal Telecom),24008,,
Telenor Mobile Sverige AS,24009,,
Spring Mobil AB,24010,,
Lindholmen Science Park AB,24011,,
Lycamobile Ltd,24012,,
Ventelo Sverige AB,24013,,
TDC Sverige AB,24014,,
Wireless Maingate Nordic AB,24015,,
42 Telecom AB,24016,,
Gotalandsnatet AB,24017,,
Generic Mobile Systems Sweden AB,24018,,
Vectone Mobile (Delight Mobile / Mundio Mobile MVNO under Telia),24019,,
Wireless Maingate AB,24020,,
Trafikverket ICT,24021,,
Eu Tel AB,24022,,
Infobip Ltd.,24023,,
Tele2 Sverige AB,24024,,
Telenor (Vodafone),24024,,
Digitel Mobile Srl,24025,,
Beepsend,24026,,
Fogg Mobile AB,24027,,
CoolTEL Aps,24028,,
Mercury International Carrier Services,24029,,
NextGen Mobile Ltd,24030,,
Compatel Ltd.,24032,,
Mobile Arts AB,24033,,
Pro Net Telecommunications Services Ltd.,24034,,
42 Telecom AB,24035,,
ID Mobile,24036,,
Jupiter Networks TXT,24037,,
Voxbone SA,24038,,
Borderlight AB,24039,,
ReWiCom Scandinavia AB,24040,,
Shyam Telecom UK Ltd,24041,,
Telenor Connexion AB,24042,,
MobiWeb Ltd.,24043,,
Limitless Mobile AB,24044,,
Spirius AB,24045,,
shared use for closed networks,24065,,
shared use for closed networks,24066,,
shared use for test purpose,24067,,
shared use for test purpose,24068,,
crisis management after determination by the Swedish Post- and Telecom Authority,24069,,
Swisscom,22801,,
TDC Sunrise,22802,,
Orange,22803,,
Togewanet AG (Comfone),22805,,
TDC Sunrise / in&phone),22807,,
TDC Sunrise (Tele4u,22808,,
Comfone AG,22809,,
TDC Sunrise,22812,,
3G Mobile AG,22850,,
BebbiCell AG,22851,,
Mundio Mobile (MVNO under Orange),22852,,
upc cablecom GmbH,22853,,
Lycamobile AG (MNVO under Orange),22854,,
SMSRelay AG,22856,,
Syriatel Holdings,41701,,
MTN/Spacetel,41702,,
Syriatel Holdings,41709,,
Far EasTone,46601,,
Far EasTone,46602,,
Far EasTone,46603,,
Asia Pacific Telecom Co. Ltd (APT),46605,,
Far EasTone,46606,,
Far EasTone,46607,,
VMAX Telecom Co. Ltd,46609,,
Global Mobile Corp.,46610,,
Chunghwa Telecom LDM,46611,,
International Telecom Co. Ltd (FITEL),46656,,
ACeS Taiwan - ACeS Taiwan Telecommunications Co Ltd,46668,,
KG Telecom,46688,,
VIBO,46689,,
Chunghwa Telecom LDM,46692,,
Mobitai (aquired by Taiwan Mobile),46693,,
Taiwan Cellular,46697,,
TransAsia,46699,,
Tcell/JC Somoncom,43601,,
CJSC Indigo Tajikistan,43602,,
MLT/TT mobile,43603,,
Babilon-M,43604,,
Bee Line / Tacom,43605,,
Tcell/JC Somoncom,43612,,
TIGO/MIC,64002,,
Zantel/Zanzibar Telecom,64003,,
Vodacom Ltd,64004,,
Airtel (formerly ZAIN/Celtel),64005,,
Dovetel (T) Ltd,64006,,
Tanzania Telecommunications Company Ltd (TTCL),64007,,
Benson Informatics Ltd,64008,,
ExcellentCom (T) Ltd,64009,,
Tri Telecomm. Ltd.,64001,,
Smile Communications Tanzania Ltd,64011,,
Hutch/CAT CDMA (also True Move),52000,,
AIS/Advanced Info Service,52001,,
True Move Co. Ltd.Move (CAT),52002,,
Advanced Wireless Networks/AWN,52003,,
True Move/Orange,52004,,
Total Access (DTAC),52005,,
ACT Mobile,52015,,
Total Access (DTAC),52018,,
ACeS Thailand - ACeS Regional Services Co Ltd,52020,,
Digital Phone Co.,52023,,
True Move,52025,,
TOT Public Company Limited,52047,,
True Move/Orange,52099,,
Telin/ Telkomcel,51401,,
Timor Telecom,51402,,
Viettel Timor-Leste,51403,,
Togo Telecom/TogoCELL,61501,,
Telecel/MOOV,61503,,
Tonga Communications,53901,,
Shoreline Communication,53943,,
Digicel,53988,,
TSTT,37412,,
Bmobile/TSTT,374129,,
Digicel,374130,,
LaqTel Ltd.,374140,,
Orange,60501,,
Tunisie Telecom,60502,,
Tunisiana / Orascom Telecom,60503,,
Turkcell,28601,,
Vodafone-Telsim,28602,,
AVEA/Aria/Aycell,28603,,
AVEA/Aria/Aycell,28604,,
Barash Communication,43801,,
TM-Cell,43802,,
Digicel TCI Ltd,376050,,
Cable & Wireless (TCI) Ltd,376350,,
IslandCom Communications Ltd.,376352,,
IslandCom Communications Ltd.,376360,,
Tuvalu Telecommunication Corporation (TTC),55301,,
Airtel (formerly Zain/Celtel),64101,,
MTN Ltd.,64110,,
Uganda Telecom Ltd.,64111,,
Orange,64114,,
Suretelecom Uganda Ltd,64118,,
Airtel/Warid,64122,,
K2 Telecom Ltd,64130,,
Smile Communications Uganda Ltd,64133,,
i-Tel Ltd,64166,,
UMC/MTS,25501,*101#,*101#
Beeline,25502,,
KyivStar,25503,*100*01*2#,*101#
Intertelecom Ltd (IT),25504,,
Golden Telecom,25505,,
Astelit/LIFE :),25506,*100#,*115#
TriMob LLC (3Mob) (formerly Utel),25507,,
PEOPLEnet / Telesystems Of Ukraine CJSC (TSU),25521,,
CDMA Ukraine / Intertelecom,25523,,
Golden Telecom,25539,,
UMC/MTS,25550,,
KyivStar,25567,,
Beeline,25568,,
Etisalat,42402,,
DU (Emirates Integrated Telecommunications),42403,,
Etisalat,43002,,
Etisalat,43102,,
BT group,23400,,
Vectone by Mundio Mobile (MNVO under EE formerly Orange/T-Mobile) (formerly Mapesbury C. Ltd),23401,,
O2 (Telefonica),23402,,
Jersey Airtel/Vodafone,23403,,
FMS Solutions,23404,,
COLT Mobile Telecommunications Limited,23405,,
Internet Computer Bureau Ltd,23406,,
Vodafone (Cable and Wireless),23407,,
BT OnePhone,23408,,
Tismi,23409,,
O2 (Telefonica),23410,,
O2 (Telefonica),23411,,
Railtrack Plc (Network Rail Infrastructure Ltd),23412,,
Railtrack Plc (Network Rail Infrastructure Ltd),23413,,
HaySystems,23414,,
Vodafone,23415,,
Talk Talk (formerly Opal Telecom) (Vodafone),23416,,
FlexTel,23417,,
Cloud9/wire9 Tel.,23418,,
PMN/Teleware,23419,,
Hutchinson 3G,23420,,
LogicStar Ltd,23421,,
Routotelecom / Telesign Mobile Ltd,23422,,
Vectofone Mobile Wifi / Icron Network Ltd,23423,,
Stour Marine,23424,,
Truphone (MNVO under Vodafone),23425,,
Lycamobile (through O2),23426,,
Vodafone (Taleena),23427,,
Marthon Telecom,23428,,
AQL / AQ,23429,,
EE (Everything Everywhere) / T-Mobile,23430,,
EE (Everything Everywhere) / T-Mobile,23431,,
EE (Everything Everywhere) / T-Mobile,23432,,
EE (Everything Everywhere) / Orange,23433,,
EE (Everything Everywhere) / Orange,23434,,
JSC Ingenicum,23435,,
Sure Isle of Man (C&W),23436,,
Synectiv Ltd.,23437,,
EE (Everything Everywhere) / Virgin,23438,,
SSE Energy Supply Limited / Gamma telecom Holdings Ltd,23439,,
Jersey Telecom,23450,,
UK Broadband Ltd,23451,,
Shyham Telecom,23452,,
Limitless Mobile Ltd,23453,,
The Carphone Warehouse Ltd.,23454,,
Sure (Guernsey Telecoms),23455,,
CESG,23456,,
Manx Telecom,23458,,
Inquam Telecom Ltd,23475,,
O2 (formerly BT Group),23476,,
BT Group,23477,,
Airwave Solutions,23478,,
EE (Everything Everywhere),23486,,
Hutchinson 3G,23494,,
Lycamobile (through O2),23499,,
Mundio Mobile,23500,,
EE (Everything Everywhere),23501,,
EE (Everything Everywhere),23502,,
UK Broadband Ltd,23503,,
O2 (formlery BT Group),23577,,
Vodafone,23591,,
Vodafone (Cable & Wireless),23592,,
Hutchinson 3G,23594,,
Network Rail Infrastucture Ltd,23595,,
Unknown (Verizon Wireless),310003,,
Verizon Wireless,310004,,
Verizon Wireless,310010,,
Northstar,310011,,
Verizon Wireless,310012,,
Verizon Wireless,310013,,
Denali Spectrum License / LCW Wireless Operations / Leap Wireless (Cricket Communications),310016,,
North Sight Communications Inc,310017,,
Union Telephone Co.,310020,,
AT&T Wireless (formerly Centennial Wireless),310030,,
Airpeak (formerly Nevada Wireless),310034,,
ETEX Communications dba ETEX Wireless,310035,,
Matanuska Tel. Assn. Inc. (MTA Communications/Wireless),310040,,
Alaska Communications,310050,,
Consolidated Telcom,310060,,
AT&T Wireless Inc. (formlery Alltel),310070,,
Corr Wireless Communications LLC,310080,,
Edge Wireless LLC / Cricket Communications,310090,,
Plateau Telecommunications Inc. / New Mexico RSA 4 East Ltd. Partnetship,310100,,
Pacific Telecom Inc,310110,,
Sprint Spectrum (Virgin Mobile US) /  Sprintcom,310120,,
North Carolina RSA 3 Cellular Tel. Co.,310130,,
Testing,31014,,
GTA Wireless LLC,310140,,
Unknown,31015,,
AT&T Wireless Inc. / Cingular,310150,,
T-Mobile,310160,,
AT&T Wireless Inc. / Cingular,310170,,
Cingular Wireless (AT&T) / West Central Wireless,310180,,
Alaska Wireless Communications LLC,310190,,
T-Mobile,310200,,
T-Mobile,310210,,
T-Mobile,310220,,
Cellular South Licenses Inc.,311230,,
T-Mobile,310230,,
T-Mobile,310240,,
T-Mobile,310250,,
T-Mobile,310260,,
T-Mobile,310270,,
Contennial Puerto Rio License Corp. / T-Mobile,310280,,
NEP Cellcorp Inc.,310290,,
T-Mobile / Blanca Telephone Company,310300,,
T-Mobile,310310,,
Smith Bagley Inc. / Cellular One,310320,,
T-Mobile / AWCC,310330,,
High Plains Midwest LLC dba Westlink Communications LLC,310340,,
Mohave Cellular LP,310350,,
Cellular Network Partnership LLC,310360,,
Docomo Pacific Inc,310370,,
USA 3650 AT&T,31038,,
AT&T Wireless Inc. / New Cingular Wireless PCS LLC,310380,,
Yorkville Telephone Cooperative / TX-11 Acquisition LLC,310390,,
Minnesota South. Wirel. Co. / Hickory / Wave Runner LLC,310400,,
AT&T Wireless Inc. / Cingular Wireless,310410,,
Cincinnati Bell Wireless LLC,310420,,
GCI Communication Corp.,310430,,
Dobson Cellular Systems / Numerex Corp,310440,,
Northeast Colorado Cellular Inc.,310450,,
SIMMETRY,31046,,
TMP Corporation / Newcore Wireless,310460,,
nTELOS Communications Inc,310470,,
Choice Phone LLC,310480,,
T-Mobile (formerly Suncom (formerly Triton PCS)),310490,,
Verizon / Alltel (formerly Public Service Cellular Inc.),310500,,
Airtel Wireless LLC / Nsighttel Wirelss Inc,310510,,
VeriSign / Transactions Network Services,310520,,
West Virginia Wireless / Iowa Wireless Services LLC,310530,,
Oklahoma Western Telephone Company,310540,,
Wireless Solutions International,310550,,
AT&T Wireless Inc.,310560,,
MTPCS LLC,310570,,
T-Mobile (formerly PCS ONE),310580,,
Verizon Wireless (formerly Alltel),310590,,
Consolidated Telcom,31060,,
New-Cell Inc. dba Cellcom,310600,,
Elkhart TelCo. / Epic Touch Co.,310610,,
Coleman County Telco / Trans TX / Nsighttel Wireless Inc,310620,,
CellularOne of Texoma,310630,,
Airadigm Communications,310640,,
Jasper,310650,,
T-Mobile,310660,,
Northstar / AT&T Moblitiy Vanguagd Services,310670,,
AT&T Wireless Inc.,310680,,
Keystone Wireless LLC,310690,,
Cross Valliant Cellular Partnership,310700,,
Arctic Slope Telephone Association Cooperative Inc.,310710,,
Wireless Solutions International,310720,,
United States Cellular Corp.,310730,,
Convey Communications Inc,310740,,
OTZ Cellular,310740,,
Telemetrix Inc.,310740,,
East Kentucky Network LLC (Bluegrass Wireless),310750,,
Panhandle Telephone Cooperative Inc. / Lynch   3G Communications Co. LP,310760,,
Iowa Wireless Services LLC,310770,,
Message Express Co. / Airlink PCS / D. D. Inc,310780,,
PinPoint Communications Inc,310790,,
T-Mobile,310800,,
LCFR LLC,310810,,
South Canadian Cellular Communications Co. LP,310820,,
Clearwire Corporation / Caprock Cellular Ltd.,310830,,
Telecom North America Mobile Inc,310840,,
Aeris Comm. Inc.,310850,,
Texas RSA 15B2 Limited Partnership dba Five Star Wireless,310860,,
Kaplan Telephone Company Inc.,310870,,
Advantage Cellular Systems,310880,,
Verizon Wireless,310890,,
Cable & Communications Corp. dba Mid-Rivers Wireless,310900,,
Verizon Wireless,310910,,
Get Mobile Inc. / James Valley Wireless LLC,310920,,
Copper Valley Wireless,310930,,
Poka Lambro Telco Ltd. / IRIS Wireless LLC,310940,,
Texas RSA 1 dba XIT Wireless,310950,,
Uintah Basin Electronics Telecommunications Inc.,310960,,
Globalstar USA,310970,,
AT&T Wireless Inc./ Texas RSA 7B3 dba Peoples Wireless Services,310980,,
E.N.M.R. Telephone Coop.,310990,,
Mid-Tex Cellular Ltd.,311000,,
Missouri RSA No 5 Partnership / Chariton Valley Communications Corp. Inc.,311010,,
Missouri RSA No 5 Partnership,311020,,
Indigo Wireless Inc.,311030,,
Americell PA3 LP,311030,,
Sagir Inc.,311030,,
Commnet Wireless,311040,,
Thumb Cellular Limited Partnership,311050,,
Farmers Cellular / Space Data Corporation,311060,,
Wisconsin RSA #7 Limited Partnership,311070,,
Pine Telephone Company dba Pine Cellular,311080,,
LongLines Wireless,311090,,
Nex-Tech Wireless LLC,311100,,
Verizon Wireless,311110,,
Choice Phone LLC,311120,,
Light Squared LP,311130,,
Cross Wireless Telephone Co.,311140,,
Wilkes Cellular Inc.,311150,,
Cellular One DCS (Dobson / EMW) / Light Squared LP,311160,,
PetroCom,311170,,
Cingular Wireless (AT&T) Licensee Pacific Telesis Mobile Services LLC,311180,,
Cellular One of East Central Illinois / Cellular Properties Inc,311190,,
ARINC,311200,,
Emery Telecom-Wireless Inc,311210,,
United States Cellular Corp.,311220,,
Cellular South Inc,311230,,
Cordova Wireless Communications Inc,311240,,
Cordova Wireless Communications Inc,311240,,
i CAN_GSM / Wave Runner LLC,311250,,
SLO Cellular Inc / Cellular One of San Luis / Clearwire,311260,,
Verizon Wireless,311270,,
Verizon Wireless (alltel),311271,,
Verizon Wireless (alltel),311272,,
Verizon Wireless (alltel),311273,,
Verizon Wireless (alltel),311274,,
Verizon Wireless (alltel),311275,,
Verizon Wireless (alltel),311276,,
Verizon Wireless (alltel),311277,,
Verizon Wireless (alltel),311278,,
Verizon Wireless (alltel),311279,,
Verizon Wireless,311280,,
Verizon Wireless,311281,,
Verizon Wireless,311282,,
Verizon Wireless,311283,,
Verizon Wireless,311284,,
Verizon Wireless,311285,,
Verizon Wireless,311286,,
Verizon Wireless,311287,,
Verizon Wireless,311288,,
Verizon Wireless,311289,,
Pinpoint Wireless Inc.,311290,,
Nexus Communications Inc.,311300,,
Lamar County Cellular / Leaco Rural Telephone Company Inc,311310,,
Farmers,311311,,
Commnet Wireless LLC,311320,,
Michigan Wireless LLC / Bug Tussel Wireless LLC,311330,,
Illinois Valley Cellular RSA 2 Partnership,311340,,
Sagebrush Cellular Inc. dba Nemont,311350,,
Stelera Wireless Corp.,311360,,
GCI Communication Corp.,311370,,
New Dimension Wireless Ltd,311380,,
Verizon Wireless,311390,,
Iowa RSA No. 2 Limited Partnership,311410,,
Northwest Missouri Cellular Limited Partnership,311420,,
RSA 1 Limited Partnership dba Cellular 29 Plus,311430,,
Bluegrass Wireless LLC (Cumberland Cellular Partnership Kentucky RSA),311440,,
Panhandle Telecommunication Systems Inc.,311450,,
Fisher Wireless Services Inc.,311460,,
Vitelcom Cellular Inc dba Innovative Wireless,311470,,
Verizon Wireless,311480,,
Verizon Wireless,311481,,
Verizon Wireless,311482,,
Verizon Wireless,311483,,
Verizon Wireless,311484,,
Verizon Wireless,311485,,
Verizon Wireless,311486,,
Verizon Wireless,311487,,
Verizon Wireless,311488,,
Verizon Wireless,311489,,
Sprint Spectrum / Sprintcom,311490,,
Cambridge Telephone Company Inc. / Mosaic Telecom Inc,311500,,
Light Squared LP,311510,,
Light Squared LP,311520,,
New Core Wireless,311530,,
Poximiti Mobility Inc,311540,,
OTZ Communications Inc,311550,,
Bend Cable Communications LLC,311560,,
United States Cellular,311570,,
California RSA No3 Ltd Partnership dba Golden State Cellular,311580,,
California RSA No. 3 Limited Partnership,311590,,
Cox TMI Wireless LLC,311600,,
North Dakota Network Company,311610,,
Terrestar Networks Inc,311620,,
Corr Wireless Communications,311630,,
Standing Rock Telecommunications,311640,,
United Wireless Communications Inc.,311650,,
T-Mobile (Formerly Metro PCS Wireless),311660,,
Pine Belt Cellular Inc. dba Pine Belt Wireless,311670,,
GreenFly LLC,311680,,
TeleBeeper of New Mexico Inc,311690,,
TotalSolutions Telecom LLC,311700,,
Northeast Wireless Networks LLC,311710,,
Maine PCS LLC,311720,,
Proximiti Mobility Inc,311730,,
Telalaska Cellular,311740,,
NetAmerica Alliance LLC,311750,,
Edigen Inc,311760,,
Radio Mobile Access Inc,311770,,
Bluegrass Wireless LLC (Cumberland Cellular Partnership Kentucky RSA),311800,,
Bluegrass Wireless LLC (Cumberland Cellular Partnership Kentucky RSA),311810,,
Kineto Wireless Inc,311820,,
Thumb Cellular Limited Partnership,311830,,
Nsight Spectrum LLC,311840,,
Nsight Spectrum LLC,311850,,
Uintah Basin Electronics Telecommunications Inc.,311860,,
Sprint Spectrum,311870,,
Sprint Spectrum,311880,,
Globecom Network Services Corporation,311890,,
Gigsky inc,311900,,
SI Wireless LLC,311910,,
Missouri RSA No 5 Partnership,311920,,
Clearwire Corporation,311940,,
Sunman Telecommunications corp.,311950,,
Lycamobile USA Inc,311960,,
Big River Broadband LLC,311970,,
LigTel Communications,311980,,
VTel Wireless,311990,,
Missouri RSA No 5 Partnership / Charlton Valley Communication Corporation Inc,312010,,
Infrastructure Networks LLC,312020,,
Cross Wireless Telephone Co.,312030,,
Custer Telephone Cooperative Inc.,312040,,
Fuego Wireless LLC,312050,,
CoverageCo,312060,,
Adams Networks Inc,312070,,
South Georgia Regional Information Technology Authority,312080,,
Allied Wireless Communications Corporation,312090,,
ClearSky Technologies Inc,312100,,
Texas Energy Network LLC,312110,,
East Kentucky Network LLC (Bluegrass Wireless / Appalacian Wireless),312120,,
East Kentucky Network LLC (Bluegrass Wireless / Appalacian Wireless),312130,,
Cleveland Unlimited Inc,312140,,
Northwest Cell,312150,,
RSA 1 Limited Partnership,312160,,
Iowa RSA No. 2 Limited Partnership,312170,,
Keystone Wireless LLC,312180,,
Sprint Spectrum / Sprint-Nextel Communications Inc.,312190,,
Voyager Mobility LLC,312200,,
Missouri RSA No 5 Partnership,312220,,
North Dakota Network Company,312230,,
Cellular Network Partnership LLC,312270,,
Cellular Network Partnership LLC,312280,,
Uintah Basin Electronics Telecommunications Inc.,312290,,
0,31238,,
Assigned to public safety,313100,,
Sprint Spectrum / Nextel / NII Holdings,316010,,
Southern Communications Services Inc.,316011,,
Cable & Wireless (Turks & Caicos),376350,,
IslandCom,376352,,
Digicel,37650,,
Ancel - TDMA,74800,,
Ancel/Antel,74801,,
Ancel/Antel,74803,,
MOVISTAR (telephonica Moviles),74807,,
Claro / AM Wireless / CTI Movil,74810,,
Buztel,43401,,
Uzmacom,43402,,
Bee Line/Unitel,43404,,
Ucell/Coscom,43405,,
Perfectum Mobile / Rubion wireless Communication,43406,,
MTS/Uzdunrobita,43407,,
SMILE,54101,,
DigiCel,54105,,
DigiTel C.A.,73401,,
DigiTel C.A.,73402,,
DigiTel C.A.,73403,,
Movistar/TelCel,73404,,
Movilnet C.A.,73406,,
Mobifone,45201,,
Vinaphone,45202,,
S-Fone/Telecom,45203,,
Viettel Mobile,45204,,
VietnaMobile,45205,,
Viettel Mobile (formerly EVNTelecom),45206,,
Gmobile (formerly Beeline),45207,,
Viettel Mobile (formerly EVNTelecom),45208,,
Sabaphone,42101,,
MTN/Spacetel,42102,,
Yemen Mob. CDMA,42103,,
HITS/Y Unitel,42104,,
Zain/Celtel,64501,,
MTN/Telecel,64502,,
Cell Z/MTS/Zamtel,64503,,
Net One,64801,,
Telecel,64803,,
Econet,64804,,
